{"reg_loss": 215.37808227539062, "loss": 215.37808227539062, "_timestamp": 1688989527.0771847, "_runtime": 638.4994797706604, "_step": 19, "_wandb": {"runtime": 637}}