{"reg_loss": 325.2981262207031, "loss": 325.2981262207031, "_timestamp": 1688994778.1570537, "_runtime": 18.832653760910034, "_step": 0, "_wandb": {"runtime": 1266}}