{"reg_loss": 240.5532989501953, "loss": 240.5532989501953, "_timestamp": 1688988684.153669, "_runtime": 631.9093022346497, "_step": 19, "_wandb": {"runtime": 630}}