{"reg_loss": 318.15411376953125, "loss": 318.15411376953125, "_timestamp": 1689007360.964822, "_runtime": 18.836733102798462, "_step": 0, "_wandb": {"runtime": 847}}