{"reg_loss": 200.07191467285156, "loss": 200.07191467285156, "_timestamp": 1688990799.9573684, "_runtime": 464.2417094707489, "_step": 1000, "_wandb": {"runtime": 869}}