{"reg_loss": 120.97123718261719, "loss": 120.97123718261719, "_timestamp": 1689050042.3305576, "_runtime": 42219.055490493774, "_step": 94950}