{"reg_loss": 223.68649291992188, "loss": 223.68649291992188, "_timestamp": 1688987907.0333111, "_runtime": 631.6306231021881, "_step": 9, "_wandb": {"runtime": 630}}