{"reg_loss": 84.02857971191406, "loss": 84.02857971191406, "_timestamp": 1689157315.1370342, "det_AP": 0.24653053514381418, "det_AP50": 0.5783593457991351, "det_AP75": 0.1702434683481147, "GT_AP": 0.21942548379461788, "GT_AP50": 0.5340621196516955, "GT_AP75": 0.1427639859400041, "_runtime": 102523.73907017708, "_step": 269950}