{"reg_loss": 357.2084045410156, "loss": 357.2084045410156, "_timestamp": 1688992507.8240395, "_runtime": 16.120493412017822, "_step": 0, "_wandb": {"runtime": 420}}