{"reg_loss": 212.82481384277344, "loss": 212.82481384277344, "_timestamp": 1688990278.1362038, "_runtime": 608.7380938529968, "_step": 1000, "_wandb": {"runtime": 607}}