{"reg_loss": 270.2388610839844, "loss": 270.2388610839844, "_timestamp": 1688987081.9769213, "_runtime": 147.58719038963318, "_step": 0, "_wandb": {"runtime": 237}}